fips,cost_per_ha
1001,11620.13322
1003,22326.18114
1005,4256.997981
1007,3517.17595
1009,4443.504928
1011,2937.331413
1013,3030.378411
1015,17452.97477
1017,6575.677662
1019,4458.298626
1021,8744.929265
1023,2629.844626
1025,3594.294522
1027,7770.470742
1029,4534.927853
1031,8619.985347
1033,4406.602688
1035,3535.104863
1037,7282.993158
1039,4343.58924
1041,3502.771165
1043,5138.10815
1045,5925.340839
1047,5499.714585
1049,5414.84967
1051,21058.72805
1053,3571.707702
1055,9436.562417
1057,2402.155271
1059,2200.067683
1061,3448.961657
1063,2635.686244
1065,3188.425792
1067,6053.40217
1069,15030.43091
1071,3595.737365
1073,37544.57125
1075,4053.884584
1077,10136.27471
1079,3169.926332
1081,29580.65607
1083,9894.612712
1085,5541.297345
1087,6294.176287
1089,27171.72203
1091,2946.099413
1093,3002.229198
1095,7303.827131
1097,26252.58092
1099,3008.200553
1101,31200.84953
1103,8536.265181
1105,3720.769605
1107,1707.373767
1109,5121.241873
1111,11206.8334
1113,9061.644756
1115,8845.713083
1117,44901.16889
1119,2445.034635
1121,17997.55419
1123,15472.21909
1125,13801.12465
1127,3065.397539
1129,1675.185238
1131,5604.842695
1133,10834.35329
4001,3871.896099
4003,6455.3992
4005,14165.31458
4007,11376.55026
4009,5262.143676
4011,7002.60716
4012,3484.505281
4013,46109.92721
4015,6834.538887
4017,5479.512114
4019,23995.60043
4021,13198.67245
4023,19132.71209
4025,43095.94052
4027,31151.03235
5001,5378.569932
5003,1533.052059
5005,4815.262165
5007,16438.67214
5009,3332.802851
5011,1247.820946
5013,855.873758
5015,3815.333537
5017,4119.94207
5019,1465.823881
5021,9180.903086
5023,6847.717777
5025,1114.107425
5027,1532.928357
5029,5306.26156
5031,21883.69521
5033,11179.80277
5035,11052.64226
5037,7680.077793
5039,1177.610707
5041,1975.031624
5043,1594.69815
5045,4773.676696
5047,3752.179078
5049,1229.394369
5051,56033.05348
5053,1449.304382
5055,15459.03709
5057,1372.900617
5059,1487.174228
5061,1123.527336
5063,3191.914757
5065,2052.97482
5067,1911.450514
5069,4115.747564
5071,4428.671747
5073,1410.949541
5075,2756.627813
5077,4097.603909
5079,1672.321666
5081,1783.912595
5083,1060.104598
5085,2903.579297
5087,2013.452305
5089,2306.947897
5091,3604.298563
5093,6483.148344
5095,3070.318108
5097,10431.92192
5099,1038.598477
5101,1711.647084
5103,1947.013235
5105,1182.918552
5107,6713.756095
5109,1668.821554
5111,6089.836598
5113,13718.90543
5115,9949.587866
5117,3187.070572
5119,23318.83864
5121,1654.729523
5123,6450.534373
5125,7540.176707
5127,1045.996278
5129,1541.280815
5131,5981.958194
5133,1696.052386
5135,1985.116069
5137,1536.66008
5139,2421.968068
5141,3852.493488
5143,13702.16973
5145,2696.590829
5147,3002.152865
5149,971.882595
6001,298137.2408
6003,10533.25338
6005,8948.391239
6007,15930.10932
6009,6782.785997
6011,12364.63061
6013,162966.452
6015,11455.99288
6017,45937.26513
6019,80587.63201
6021,5132.450696
6023,22376.13859
6025,43597.56042
6027,6982.670841
6029,1952.481121
6031,16692.58019
6033,6867.017184
6035,3282.735678
6037,41646.35638
6039,18631.70863
6041,148231.57
6043,5978.269704
6045,5495.51448
6047,14667.32555
6049,6389.848048
6051,26502.40038
6053,53990.935
6055,28317.76732
6057,28267.4728
6059,526838.9221
6061,79686.16457
6063,12465.12209
6065,3191.457823
6067,72274.8809
6069,15650.52364
6071,2355.687725
6073,262483.6056
6075,2760781.026
6077,39425.25586
6079,35035.41467
6081,414233.4925
6083,72641.81317
6085,226863.6321
6087,171211.9926
6089,16009.22947
6091,6812.310848
6093,14443.95548
6095,49187.7108
6097,46492.77629
6099,29223.93
6101,23665.13732
6103,4154.248625
6105,9792.509925
6107,64648.507
6109,21283.97328
6111,242340.7792
6113,30764.56529
6115,13496.58766
8001,119076.5094
8003,34342.66323
8005,246896.4733
8007,7980.405718
8009,2060.132492
8011,1557.483132
8013,171234.5028
8014,561107.3393
8015,24807.89861
8017,1509.581038
8019,41142.17678
8021,54796.09544
8023,17310.02688
8025,1939.162
8027,5027.95908
8029,8113.342424
8031,673490.7828
8033,6513.512065
8035,148584.4498
8037,66418.33906
8039,9500.320397
8041,68650.61636
8043,10264.48501
8045,18424.24553
8047,26874.24356
8049,18007.85167
8051,16648.50496
8053,5719.916145
8055,6290.321935
8057,2961.533521
8059,143030.0334
8061,1589.410565
8063,1479.276669
8065,29288.3386
8067,25934.72286
8069,43001.39378
8071,776.085257
8073,2810.308545
8075,4603.962515
8077,22664.91292
8079,10162.339
8081,2237.372684
8083,6460.669101
8085,9000.574835
8087,6212.739278
8089,7458.928577
8091,17937.62818
8093,7519.367976
8095,2782.856137
8097,141504.8434
8099,4734.67298
8101,5973.740974
8103,3496.620035
8105,117823.7377
8107,17431.25584
8109,20181.51249
8111,21520.90924
8113,27561.69598
8115,4171.218915
8117,112906.6482
8119,26478.53576
8121,2903.998599
8123,32477.16429
8125,3200.942089
9001,259730.9164
9003,91457.46855
9005,29616.93004
9007,70127.97439
9009,138836.5504
9011,55421.08353
9013,40033.14925
9015,21781.73543
10001,28248.91353
10003,181612.2848
10005,39583.21002
12001,33711.52749
12003,10207.58385
12005,28407.09592
12007,10924.40008
12009,141869.634
12011,92549.11206
12013,5228.403803
12015,63908.44973
12017,56918.57508
12019,73641.92258
12021,52096.74502
12023,7170.150731
12027,10170.262
12029,11492.82385
12031,210720.3451
12033,48228.70348
12035,71449.38598
12037,17184.98522
12039,5570.878394
12041,9423.175578
12043,1144.573407
12045,14549.10387
12047,5124.234189
12049,19505.90317
12051,3251.131323
12053,85010.216
12055,32447.91614
12057,268309.7954
12059,2597.892858
12061,158967.9176
12063,3963.054653
12065,2922.749091
12067,2651.292525
12069,72578.26446
12071,43091.5371
12073,43499.20235
12075,11360.40781
12077,5048.00775
12079,5890.501145
12081,159796.8016
12083,49023.52217
12085,31332.14729
12086,95268.41787
12087,38051.24086
12089,34732.17094
12091,37417.90247
12093,2561.861309
12095,167431.9508
12097,49055.28025
12099,61742.78276
12101,159766.6304
12103,488198.4702
12105,65964.5437
12107,19223.88187
12109,137008.2309
12111,112698.7758
12113,27546.38075
12115,261425.2064
12117,218694.329
12119,144009.8751
12121,5045.384277
12123,5046.221485
12125,6965.935095
12127,109549.9705
12129,15686.29223
12131,24065.96609
12133,3845.452845
13001,2705.183367
13003,3900.955642
13005,8938.604646
13007,3355.88996
13009,23549.21057
13011,6914.900928
13013,35954.10001
13015,26526.33968
13017,6871.161175
13019,3532.887398
13021,45362.457
13023,11679.94678
13025,4259.935987
13027,4491.00622
13029,27527.43515
13031,9704.818682
13033,3876.411996
13035,15509.15626
13037,3249.481124
13039,22014.95906
13043,5195.418854
13045,24801.28295
13047,21729.29557
13049,5587.034595
13051,150594.6786
13053,12592.98457
13055,4529.966309
13057,89004.46839
13059,98905.31103
13061,3056.969531
13063,130752.3206
13065,3076.716275
13067,325036.5858
13069,7090.88937
13071,5836.921619
13073,72017.42867
13075,6438.461386
13077,35627.0393
13079,7944.833813
13081,15893.9052
13083,7154.155926
13085,33975.28813
13087,5396.196583
13089,486319.5687
13091,7185.37104
13093,6158.16025
13095,20422.3165
13097,66817.91154
13099,4757.06163
13101,1288.438435
13103,15768.2276
13105,11413.48843
13107,2457.064669
13109,5479.659325
13111,19407.23651
13113,104793.8309
13115,11036.29758
13117,177849.5164
13119,14171.03761
13121,362894.4468
13123,11829.45857
13125,5910.036801
13127,64134.45996
13129,8918.989073
13131,4455.111511
13133,24344.83684
13135,204162.8196
13137,18349.23994
13139,55100.69554
13141,9663.188382
13143,11194.05824
13145,13164.51
13147,30824.83594
13149,8318.725259
13151,56704.45184
13153,31655.51258
13155,8024.930535
13157,19168.61411
13159,12583.21508
13161,2972.12377
13163,3652.505287
13165,5067.060038
13167,4301.441596
13169,10104.65067
13171,11624.9803
13173,6087.256126
13175,4917.202681
13177,9863.759558
13179,22866.95289
13181,10685.286
13183,2769.150616
13185,15134.49272
13187,17374.53962
13189,11070.85192
13191,14675.06916
13193,5625.227208
13195,8753.937583
13197,4058.424802
13199,4747.800075
13201,4519.858634
13205,5518.045864
13207,9501.479029
13209,6721.237041
13211,12948.04889
13213,9222.451229
13215,64784.0191
13217,34094.37681
13219,33481.83395
13221,3077.168546
13223,52625.75555
13225,14281.1988
13227,20097.42305
13229,7392.494629
13231,9696.056642
13233,10888.31361
13235,5869.3986
13237,27582.48744
13239,2905.96292
13241,47718.36889
13243,3389.913802
13245,60603.36086
13247,61188.55851
13249,5365.673515
13251,5605.283931
13253,7186.197289
13255,37046.24657
13257,26516.21147
13259,1911.427039
13261,8467.378486
13263,3904.873377
13265,3768.863717
13267,2776.63708
13269,7248.077236
13271,5159.41398
13273,4732.284386
13275,11069.34395
13277,12528.85942
13279,6205.447828
13281,42263.70953
13283,5283.066382
13285,14348.79034
13287,6164.497884
13289,5249.464708
13291,21561.0891
13293,8056.814633
13295,11211.38974
13297,24818.40412
13299,7245.478533
13301,6901.217408
13303,7037.976899
13305,4201.777962
13307,3360.114724
13309,4078.010684
13311,19049.57416
13313,16973.94396
13315,4278.009975
13317,6382.162395
13319,3672.53998
13321,5945.5381
16001,33417.58086
16003,4083.512313
16005,11715.18442
16007,3082.868845
16009,18318.25055
16011,3255.364662
16013,15038.82601
16015,2942.558044
16017,39706.09699
16019,12859.65258
16021,14907.49711
16023,1423.676693
16025,2195.959553
16027,14078.47329
16029,3123.893931
16031,2314.190783
16033,1125.314914
16035,12925.17947
16037,1665.569262
16039,2588.058277
16041,3791.47454
16043,4540.043683
16045,3533.446571
16047,2612.873209
16049,11797.83138
16051,3831.973562
16053,4257.762294
16055,65814.18002
16057,29705.42944
16059,2289.557786
16061,8532.586614
16063,2425.410493
16065,11447.47769
16067,3911.4403
16069,20622.31135
16071,1346.167609
16073,561.544576
16075,4131.677073
16077,2335.745361
16079,16309.90195
16081,10290.83375
16083,7068.921719
16085,8605.501499
16087,1828.399057
17001,7161.380512
17003,5627.348581
17005,5363.398195
17007,23898.32743
17009,2444.529726
17011,5525.59601
17013,3296.559433
17015,9724.222071
17017,3088.929681
17019,26212.51464
17021,5938.013398
17023,4208.162717
17025,5626.501975
17027,6873.135157
17029,8639.173467
17031,344720.3532
17033,4047.853596
17035,3336.774887
17037,21124.96136
17039,5168.122763
17041,5998.582641
17043,282848.7836
17045,5437.216692
17047,4911.798792
17049,7924.304108
17051,3303.126345
17053,5660.236528
17055,5273.783614
17057,4675.203969
17059,3158.023509
17061,2585.991495
17063,22034.57325
17065,3628.068787
17067,4891.817212
17069,4211.46038
17071,3810.300038
17073,8052.365755
17075,4435.28232
17077,5801.248919
17079,4853.205103
17081,4674.10849
17083,5901.801668
17085,8403.341757
17087,5312.737538
17089,81007.93663
17091,21521.19359
17093,42800.84297
17095,6955.960775
17097,151683.1088
17099,11045.85351
17101,6266.979849
17103,7126.039872
17105,4892.990021
17107,6666.678166
17109,4830.942621
17111,52677.17153
17113,23030.45556
17115,17626.08976
17117,5767.954311
17119,23122.40121
17121,5821.7572
17123,5628.615766
17125,5649.492512
17127,3918.316428
17129,5093.22652
17131,4070.832366
17133,11781.69583
17135,5311.547741
17137,5553.762881
17139,4816.848223
17141,10958.62225
17143,25196.29993
17145,4067.804881
17147,7369.120164
17149,1955.214467
17151,2916.249669
17153,5464.845517
17155,6014.67144
17157,4507.439579
17159,4519.174068
17161,19745.42355
17163,27909.13882
17165,3685.705972
17167,21992.31142
17169,3073.161109
17171,2771.463657
17173,3664.531993
17175,4901.672891
17177,14450.51598
17179,20594.03949
17181,4125.702395
17183,7426.781878
17185,4356.29509
17187,2963.612238
17189,3498.647951
17191,4442.751776
17193,2500.249317
17195,7597.368453
17197,89535.22192
17199,9453.542108
17201,36853.18804
17203,9180.351187
18001,7534.870863
18003,36399.11732
18005,16719.49168
18007,4824.498374
18009,10026.95928
18011,24897.15001
18013,7269.437455
18015,6495.311616
18017,6868.99369
18019,16164.14354
18021,4645.872029
18023,6385.771056
18025,4105.790929
18027,3464.479805
18029,10673.48434
18031,8496.154503
18033,10671.17492
18035,17186.57492
18037,5919.48232
18039,87355.49162
18041,12663.11177
18043,23917.17673
18045,6184.591526
18047,5723.063947
18049,28649.23704
18051,4472.719992
18053,10810.6487
18055,3497.657809
18057,80527.09288
18059,21308.79511
18061,5127.058698
18063,32138.65966
18065,9446.410416
18067,19653.07936
18069,8386.723315
18071,7032.867656
18073,7232.695427
18075,2962.676398
18077,7679.850239
18079,5007.109612
18081,33208.44944
18083,3999.735718
18085,21325.81925
18087,45525.02607
18089,196146.2587
18091,20528.62794
18093,6799.260926
18095,17525.83316
18097,78818.39643
18099,15034.13287
18101,2815.958291
18103,10146.06744
18105,21532.65219
18107,6323.400796
18109,11070.86121
18111,5264.832048
18113,12850.87131
18115,7702.383121
18117,3338.383123
18119,3809.214615
18121,4116.770122
18123,3916.14187
18125,2724.282989
18127,30851.00823
18129,4928.862546
18131,3664.684492
18133,9419.928803
18135,3874.502411
18137,8109.947863
18139,4455.774977
18141,34618.69673
18143,8169.672954
18145,9455.03423
18147,4149.458926
18149,9349.442148
18151,20455.93097
18153,5339.019374
18155,3815.529269
18157,24728.22393
18159,9114.290645
18161,6398.718433
18163,26535.70414
18165,4181.212621
18167,11740.55848
18169,6200.331996
18171,4182.864167
18173,11569.23651
18175,4269.980129
18177,10489.62914
18179,7861.652898
18181,6925.217435
18183,10571.91639
19001,2193.980318
19003,2275.618343
19005,6761.197243
19007,3478.325248
19009,3247.775102
19011,5042.621023
19013,17879.69706
19015,5504.235244
19017,7555.094932
19019,4161.823774
19021,5792.317535
19023,4106.975861
19025,5034.673353
19027,5610.817653
19029,4831.518135
19031,4542.271037
19033,12674.29072
19035,4391.793856
19037,4500.15083
19039,3754.146239
19041,4845.975066
19043,6256.994176
19045,6740.241906
19047,3059.449095
19049,21473.00006
19051,2789.802144
19053,2361.556119
19055,5844.322902
19057,7120.226941
19059,17572.93567
19061,18928.40428
19063,5009.756537
19065,7696.508711
19067,4569.433566
19069,3796.954985
19071,3305.830339
19073,3585.402202
19075,5515.231274
19077,4917.293938
19079,5154.424929
19081,4483.717468
19083,5378.432558
19085,2757.34155
19087,4651.986157
19089,5771.406152
19091,3543.768034
19093,3740.662037
19095,3649.446679
19097,5611.699322
19099,5842.155635
19101,4837.373198
19103,19091.87465
19105,3987.799312
19107,3528.425671
19109,3291.084574
19111,5065.331807
19113,22338.49125
19115,3985.002242
19117,2551.263355
19119,1299.705073
19121,5705.565343
19123,4384.641061
19125,6518.825911
19127,7533.041589
19129,4627.678552
19131,2973.657939
19133,3468.368962
19135,3783.565044
19137,4872.46769
19139,8095.893715
19141,4627.158521
19143,3681.727204
19145,5122.809948
19147,3561.583211
19149,4852.334637
19151,2770.672496
19153,45891.12388
19155,10344.49244
19157,5678.522915
19159,3261.205623
19161,3993.342277
19163,26311.28443
19165,3281.56447
19167,6559.653358
19169,18991.18661
19171,3404.978463
19173,2553.844984
19175,3223.751893
19177,2151.763428
19179,5579.544154
19181,11176.49407
19183,3812.454604
19185,1887.565216
19187,6114.876889
19189,5627.718997
19191,7207.151351
19193,11423.48092
19195,3955.087586
19197,7307.647327
20001,3294.587875
20003,2319.259647
20005,6931.998999
20007,603.309432
20009,2488.411996
20011,2901.266835
20013,3354.386318
20015,3623.990994
20017,563.998638
20019,991.7285
20021,2396.469873
20023,1339.966433
20025,627.06247
20027,1654.696947
20029,1455.537342
20031,1700.016469
20033,503.516219
20035,1335.031765
20037,4542.923773
20039,1191.404802
20041,2287.651076
20043,3628.431277
20045,22295.216
20047,959.156748
20049,858.202694
20051,2846.693726
20053,1119.690763
20055,4628.56306
20057,4005.540996
20059,5176.253562
20061,4136.019588
20063,1051.033417
20065,822.551052
20067,2240.74981
20069,1736.338202
20071,1360.344055
20073,967.606698
20075,992.134127
20077,999.858375
20079,5219.93362
20081,2418.189129
20083,1049.876433
20085,3099.293116
20087,4091.07084
20089,714.447128
20091,88634.88726
20093,1499.298312
20095,1394.861974
20097,855.116216
20099,4204.34414
20101,1378.907011
20103,16840.12243
20105,810.678378
20107,3604.812179
20109,984.179182
20111,3900.532191
20113,3332.169297
20115,1811.632944
20117,2297.5508
20119,1387.623469
20121,8238.169428
20123,1372.44269
20125,3284.37471
20127,1057.176617
20129,2145.353773
20131,3018.567027
20133,4512.80756
20135,855.023131
20137,975.822691
20139,1912.063425
20141,814.831149
20143,1161.40161
20145,1352.385626
20147,1240.171672
20149,3747.082783
20151,1347.803658
20153,1067.553297
20155,2752.197655
20157,1067.659905
20159,1941.371314
20161,4922.556641
20163,1292.172462
20165,1163.257752
20167,1084.544866
20169,5096.021196
20171,2710.678816
20173,20451.23175
20175,4324.265437
20177,15351.60487
20179,1192.397177
20181,2255.241542
20183,803.137829
20185,1200.714702
20187,1663.406676
20189,2485.756267
20191,1787.233552
20193,2149.373811
20195,920.497644
20197,1463.350528
20199,1286.175721
20201,991.232314
20203,1469.37483
20205,2994.516155
20207,1290.868224
20209,33696.30595
21001,2284.737036
21003,2881.833483
21005,6948.447063
21007,3706.759223
21009,4196.109258
21011,5246.469731
21013,3096.507892
21015,23708.79242
21017,7546.415707
21019,10629.46843
21021,11283.75749
21023,3738.418193
21025,1814.437677
21027,3658.866895
21029,12179.76051
21031,3117.223699
21033,3397.865028
21035,5064.495886
21037,25325.82509
21039,7355.910269
21041,5121.317279
21043,4929.952871
21045,1652.353443
21047,6568.921564
21049,13682.99768
21051,3160.334218
21053,3944.442513
21055,2169.149103
21057,2092.72621
21059,10466.2488
21061,3264.136937
21063,3683.257175
21065,2433.59558
21067,59894.31734
21069,4431.789035
21071,3362.070682
21073,11690.64943
21075,7770.89778
21077,3828.200886
21079,6091.241331
21081,5862.355372
21083,3071.204579
21085,3548.195992
21087,3651.048183
21089,6982.513186
21091,3055.711828
21093,8216.204805
21095,9307.935533
21097,4231.869809
21099,2726.352836
21101,6755.40941
21103,3252.052025
21105,6493.624822
21107,3713.077129
21109,2281.01125
21111,78379.85172
21113,18839.84854
21115,3800.88889
21117,41366.11899
21119,2627.600747
21121,3213.981484
21123,3242.437444
21125,4694.423752
21127,1637.225208
21129,1825.120823
21131,2518.811082
21133,4088.084554
21135,2282.383646
21137,5186.605234
21139,3473.441176
21141,2684.01673
21143,3888.955084
21145,11460.86752
21147,2050.946443
21149,3675.607839
21151,10026.90318
21153,4870.994948
21155,3648.457415
21157,7389.412716
21159,1939.125956
21161,5811.732598
21163,5196.038949
21165,4380.028173
21167,7367.870648
21169,2968.063149
21171,1727.947782
21173,9946.056212
21175,2252.41702
21177,3009.593072
21179,7295.231038
21181,3861.148802
21183,2283.871665
21185,22449.08567
21187,1784.957327
21189,2001.789146
21191,3007.944439
21193,4465.268339
21195,3508.733034
21197,4621.106127
21199,5087.357783
21201,2475.180898
21203,3375.614024
21205,5285.095933
21207,4027.068554
21209,14186.29786
21211,9180.961135
21213,4843.283778
21215,6051.491114
21217,4821.55801
21219,2189.275799
21221,3912.538535
21223,3353.798183
21225,2970.185568
21227,11832.93665
21229,4388.591029
21231,2964.530804
21233,3057.530155
21235,3643.795206
21237,2724.763034
21239,13448.42492
22001,613.818155
22003,1452.863083
22005,44093.01618
22007,6602.610809
22009,2270.089201
22011,1457.118711
22013,1532.048711
22015,6451.964031
22017,9332.839373
22019,7092.964171
22021,2046.661815
22023,131.669974
22025,2328.118485
22027,901.172598
22029,6179.08398
22031,1486.905741
22033,99029.14862
22035,6902.674036
22037,4903.958073
22039,1677.136043
22041,2713.296596
22043,1678.022422
22045,8092.454578
22047,5253.971031
22049,1054.668021
22051,70672.04487
22053,2350.493263
22055,48047.55557
22057,6748.501969
22059,827.47669
22061,3462.059928
22063,16704.30974
22065,4687.475862
22067,2342.526699
22069,2711.067817
22071,97641.77797
22073,8287.266948
22075,5945.589981
22077,6294.43207
22079,4127.683732
22081,1171.041713
22083,3168.442509
22085,1468.915686
22087,7853.909908
22089,21502.88488
22091,5431.504674
22093,11171.99872
22095,18718.26902
22097,3670.274723
22099,3865.844366
22101,8866.987169
22103,29601.59187
22105,11526.83312
22107,3317.248985
22109,6078.775001
22111,1415.405036
22113,5091.599485
22115,1936.549788
22117,3973.147931
22119,2341.01316
22121,9639.355309
22123,12862.15387
22125,7467.104669
22127,932.210155
23001,14113.73162
23003,2272.31885
23005,40015.55184
23007,5366.110783
23009,42538.48657
23011,44589.64937
23013,62386.88375
23015,48652.81158
23017,6453.319278
23019,5597.352295
23021,1362.775303
23023,69370.65861
23025,2482.370267
23027,41014.70361
23029,12378.83748
23031,29897.03457
24001,17333.86796
24003,193456.5691
24005,291270.2097
24009,48742.29969
24011,12752.65607
24013,91910.63219
24015,60490.22409
24017,43803.83135
24019,10781.48301
24021,102563.6914
24023,19805.24075
24025,169626.1379
24027,368788.472
24029,19042.73797
24031,587691.5663
24033,237577.4674
24035,28711.39172
24037,33848.73812
24039,9308.8403
24041,29818.64409
24043,29300.41369
24045,26502.61217
24047,51868.46196
24510,1230954.469
25001,124363.8155
25003,27917.56241
25005,107524.7112
25007,58312.38708
25009,211746.4959
25011,15221.33507
25013,63474.91901
25015,38391.64347
25017,212611.5763
25019,112071.3234
25021,281258.1397
25023,121186.3974
25025,679921.4224
25027,56497.23039
26001,21008.51044
26003,12695.85697
26005,50475.47991
26007,16594.80104
26009,50059.84875
26011,26253.60363
26013,18400.39603
26015,37506.60223
26017,44446.7435
26019,56043.92492
26021,103157.9994
26023,11612.09034
26025,45708.76509
26027,55223.7227
26029,51433.54316
26031,41277.15853
26033,18699.86458
26035,19120.57621
26037,51538.37827
26039,21783.26435
26041,17197.27273
26043,17897.67197
26045,53851.49068
26047,74430.9453
26049,117182.1386
26051,34268.62505
26053,11842.13377
26055,69923.53937
26057,36240.57199
26059,10496.08936
26061,24636.51122
26063,6896.508185
26065,110280.0646
26067,29049.98199
26069,29708.95283
26071,15068.68033
26073,23715.84932
26075,60061.04452
26077,104983.9474
26079,20578.58058
26081,121577.1019
26083,24611.34164
26085,19544.14443
26087,52814.12045
26089,43388.05769
26091,14005.34902
26093,29057.06991
26095,10352.48203
26097,22606.2096
26099,308494.9085
26101,33815.97467
26103,18829.27783
26105,29217.31835
26107,28982.96927
26109,9339.248409
26111,44062.57008
26113,18450.49465
26115,18920.73215
26117,37620.21569
26119,25843.0558
26121,65175.88873
26123,20752.52829
26125,110105.8988
26127,60038.93275
26129,22732.5312
26131,11482.63712
26133,13821.10135
26135,18917.88804
26137,24899.83316
26139,115090.1904
26141,25589.37576
26143,47711.43566
26145,53969.93779
26147,24289.29098
26149,48740.10851
26151,7716.328257
26153,14828.28424
26155,37708.41431
26157,21242.75079
26159,58416.23267
26161,46919.54224
26163,100724.94
26165,27993.88487
27001,13267.74947
27003,108364.0035
27005,5003.203848
27007,4092.49105
27009,29232.69052
27011,1612.715642
27013,10554.91205
27015,7805.399279
27017,16137.10728
27019,44567.08489
27021,23478.0704
27023,3461.941203
27025,41201.07149
27027,5764.926487
27029,6258.683651
27031,12605.14372
27033,4022.217728
27035,33353.38473
27037,109955.1688
27039,13494.63712
27041,24672.37641
27043,5246.001691
27045,10787.80112
27047,6289.200427
27049,17769.05589
27051,1577.912977
27053,315041.2432
27055,14977.59979
27057,23621.11203
27059,22999.91561
27061,7087.135276
27063,4418.411549
27065,18675.11965
27067,9396.909239
27069,2773.722923
27071,3104.518198
27073,1582.244417
27075,12489.79594
27077,2169.647593
27079,11176.86085
27081,1635.482631
27083,2792.649461
27085,10914.84207
27087,1818.368766
27089,2420.746044
27091,6404.689138
27093,7940.751128
27095,27700.11175
27097,24483.92352
27099,10673.24038
27101,1978.755215
27103,11177.78306
27105,5290.079968
27107,1828.748227
27109,45337.36022
27111,4843.936973
27113,5209.900631
27115,13935.76037
27117,2640.503187
27119,2945.949694
27121,2313.552565
27123,321198.7618
27125,2369.545067
27127,2183.635105
27129,3276.827437
27131,14843.1884
27133,3351.778009
27135,2909.455662
27137,23879.81498
27139,108171.1593
27141,46740.58602
27143,4395.492035
27145,32476.20043
27147,12085.37513
27149,2181.041135
27151,1511.627835
27153,16916.56291
27155,1154.224139
27157,18310.05176
27159,9704.407191
27161,7669.320268
27163,60782.48949
27165,5727.186389
27167,1218.999697
27169,21832.13032
27171,48242.65261
27173,1102.130798
28001,9199.331798
28003,6604.33163
28005,2716.582703
28007,2792.91826
28009,4492.349613
28011,5828.653614
28013,3723.428678
28015,3620.933533
28017,4103.489273
28019,3094.896594
28021,4960.65057
28023,2236.450783
28025,10624.84942
28027,7686.916301
28029,2884.748309
28031,2315.75102
28033,35897.0445
28035,12249.96116
28037,4374.290643
28039,4000.355249
28041,2993.739439
28043,5371.633054
28045,13132.35573
28047,30931.4273
28049,33301.79718
28051,7355.908888
28053,5540.45526
28055,1746.55877
28057,3505.316642
28059,26711.12328
28061,3753.996426
28063,6864.560288
28065,4019.870158
28067,5078.559946
28069,2592.052996
28071,14264.96414
28073,11069.34192
28075,7107.46089
28077,2042.444971
28079,2220.761328
28081,18977.4612
28083,8735.358794
28085,4108.536435
28087,10501.25457
28089,26473.8389
28091,3220.874984
28093,4383.978186
28095,5221.601297
28097,3388.782353
28099,3198.396643
28101,2560.27186
28103,3691.111742
28105,13772.59182
28107,6459.337169
28109,5439.974989
28111,4105.720918
28113,4807.971084
28115,4634.838423
28117,4443.385854
28119,4490.421239
28121,15977.30449
28123,4389.84295
28125,3561.169224
28127,2506.841544
28129,1731.558743
28131,3999.082386
28133,5138.057214
28135,4887.951559
28137,9013.471363
28139,4834.030113
28141,6420.567665
28143,4476.431932
28145,5005.86773
28147,2506.32522
28149,11123.08438
28151,9293.718151
28153,3634.387874
28155,4208.943787
28157,3539.888652
28159,3505.862277
28161,2897.009982
28163,4202.766618
29001,5056.485907
29003,6069.552699
29005,3034.576489
29007,4244.596788
29009,4465.699648
29011,2702.055949
29013,3087.064532
29015,2477.341413
29017,3113.670834
29019,20152.42977
29021,14871.67857
29023,3627.752088
29025,3672.262312
29027,4469.330482
29029,10555.98102
29031,9725.610196
29033,3862.397446
29035,2534.181104
29037,16217.69277
29039,2301.75037
29041,2993.040904
29043,12590.73956
29045,3099.601478
29047,42454.44451
29049,6184.805548
29051,11940.72199
29053,4657.223762
29055,3850.584784
29057,2916.586033
29059,2324.213232
29061,3756.752686
29063,3653.722561
29065,3508.919126
29067,2783.435409
29069,13186.97585
29071,9556.653924
29073,3655.966402
29075,2168.573892
29077,24001.20144
29079,3028.499902
29081,2328.139483
29083,3425.860261
29085,3761.107512
29087,3100.730985
29089,4821.234679
29091,3135.283542
29093,3491.940619
29095,73571.52595
29097,8651.956581
29099,17371.14023
29101,10558.63088
29103,1361.830091
29105,4233.019927
29107,6049.394779
29109,4438.64825
29111,2842.239011
29113,8029.700225
29115,4071.620446
29117,3006.559096
29119,1769.037164
29121,3085.036187
29123,2933.989895
29125,2626.41174
29127,5523.880262
29129,1912.961998
29131,7996.986272
29133,2106.484141
29135,5698.165505
29137,3119.492759
29139,2560.571281
29141,7704.610258
29143,4585.66075
29145,5930.601659
29147,4838.464407
29149,2385.131102
29151,3396.893728
29153,2299.905844
29155,4618.69414
29157,3474.563608
29159,6655.602201
29161,5451.749654
29163,2481.816996
29165,29773.77178
29167,4867.416778
29169,6701.827841
29171,3105.818269
29173,1984.73489
29175,4425.104954
29177,5205.07394
29179,1885.581969
29181,3190.767149
29183,50982.16445
29185,2565.104116
29186,3535.275174
29187,7793.558294
29189,125704.714
29195,4018.864488
29197,2368.649527
29199,1718.090467
29201,5517.341753
29203,2059.829079
29205,2631.461943
29207,9466.63655
29209,9166.627993
29211,2173.749933
29213,9028.791998
29215,1867.222309
29217,2055.745365
29219,8006.401951
29221,3907.715463
29223,2122.509808
29225,5097.735284
29227,1976.268565
29229,2572.127639
29510,195869.9948
30001,1512.972134
30003,676.292066
30005,346.645836
30007,1351.64901
30009,2168.179487
30011,324.45416
30013,3406.675456
30015,444.535473
30017,1028.21752
30019,58.798854
30021,67.393784
30023,2709.751385
30025,786.073943
30027,685.035783
30029,58110.50468
30031,11943.61483
30033,261.419983
30035,7037.629908
30037,305.273298
30039,1773.957362
30041,768.071809
30043,2410.926113
30045,843.397928
30047,3282.115758
30049,4347.161236
30051,401.803692
30053,27197.04694
30055,24.32808
30057,2540.592987
30059,626.662083
30061,1275.406732
30063,8422.999622
30065,466.002523
30067,3771.788733
30069,33.449883
30071,152.104919
30073,4105.452957
30075,569.351698
30077,1107.429331
30079,554.937055
30081,3931.009069
30083,97.289751
30085,73.091733
30087,782.631117
30089,15121.90148
30091,45.92314
30093,7193.385566
30095,1405.633686
30097,752.952312
30099,4136.854457
30101,455.319417
30103,453.429895
30105,54.97237
30107,595.095571
30109,568.087469
30111,8683.693474
31001,4634.744565
31003,2173.674023
31005,445.483778
31007,987.602526
31009,311.731958
31011,2267.785486
31013,2413.463915
31015,49.144029
31017,526.065062
31019,4505.257494
31021,2580.048547
31023,3592.721028
31025,9718.691093
31027,941.597593
31029,1655.49298
31031,355.612334
31033,4427.050941
31035,1730.194013
31037,4003.515599
31039,3073.203659
31041,687.037588
31043,6046.52776
31045,1902.33933
31047,1861.003428
31049,2191.06516
31051,2972.832513
31053,9452.421386
31055,72453.69653
31057,937.957524
31059,926.06345
31061,868.829431
31063,622.510571
31065,1155.724989
31067,5178.171066
31069,439.0199
31071,509.900905
31073,1092.560532
31075,344.39315
31077,524.326303
31079,6524.76559
31081,2295.569581
31083,1086.114202
31085,406.769713
31087,1515.912391
31089,33.342944
31091,460.256931
31093,1430.353133
31095,1471.681426
31097,3049.040603
31099,1359.757149
31101,1038.060314
31103,20.686366
31105,2597.034791
31107,787.144503
31109,38438.30859
31111,1405.445931
31113,392.592729
31115,309.551911
31117,270.238826
31119,7843.198595
31121,1268.930283
31123,881.614289
31125,1188.225478
31127,4398.479395
31129,1141.362891
31131,4878.878601
31133,1724.867437
31135,1159.19208
31137,2321.526064
31139,2784.882446
31141,8273.69941
31143,1878.900608
31145,1337.168701
31147,3283.004665
31149,323.513474
31151,4374.819389
31153,44236.58937
31155,6498.315579
31157,6085.576206
31159,6850.541089
31161,810.631726
31163,893.314526
31165,490.965622
31167,2774.328312
31169,1324.911537
31171,410.055472
31173,3624.649369
31175,968.848064
31177,7837.936889
31179,4246.299896
31181,1111.680403
31183,330.449937
31185,3474.974278
32001,3023.03015
32003,172834.2684
32005,44220.42394
32007,2897.591165
32009,881.515571
32011,1031.280792
32013,1602.598763
32015,2563.46179
32017,1756.541294
32019,16278.86429
32021,3829.61877
32023,4579.459828
32027,1154.160847
32029,6042.862591
32031,34247.1542
32033,3297.721057
32510,98250.83945
33001,19375.98787
33003,13365.87607
33005,13662.93834
33007,5373.621254
33009,14743.34003
33011,40615.39333
33013,17543.75314
33015,51817.58819
33017,26701.02884
33019,10351.15173
34001,95367.23848
34003,524989.8398
34005,81298.84267
34007,189165.8753
34009,219876.6013
34011,33288.26316
34013,864367.8305
34015,79275.64182
34017,1350574.161
34019,63716.36498
34021,252372.311
34023,526276.0116
34025,202559.8238
34027,236924.636
34029,143443.3588
34031,347240.5809
34033,30472.41909
34035,174236.4621
34037,60988.87809
34039,758145.7485
34041,54819.2866
35001,387084.8422
35003,11845.04405
35005,3120.696936
35006,11405.63037
35007,1945.196759
35009,7789.167339
35011,722.727688
35013,10752.75893
35015,2917.875736
35017,3993.858844
35019,1597.457685
35021,696.662195
35023,1145.981725
35025,1925.24809
35027,4079.692324
35028,391026.2735
35029,7493.682149
35031,18615.74607
35033,2350.612877
35035,4156.611499
35037,1807.482671
35039,4334.049177
35041,2679.58045
35043,85306.19818
35045,5819.24677
35047,1925.007409
35049,111457.9982
35051,2537.535878
35053,6505.097843
35055,50443.19686
35057,12735.19375
35059,528.947684
35061,31421.63051
36001,30030.9888
36003,56234.85033
36005,1706807.134
36007,14832.31747
36009,17731.23378
36011,10563.91779
36013,25534.6134
36015,11631.66898
36017,4940.287549
36019,10815.12566
36021,13177.41926
36023,9511.61885
36025,6089.267628
36027,35116.60331
36029,25803.16403
36031,13228.79616
36033,7303.148676
36035,16409.37826
36037,7561.000444
36039,14870.77544
36041,7586.137968
36043,14630.1182
36045,17045.69187
36047,2201704.83
36049,31064.88613
36051,10562.51679
36053,13367.06245
36055,28325.97777
36057,4464.700015
36059,659398.8477
36061,15226429.98
36063,14248.25964
36065,18458.71838
36067,30055.67585
36069,15062.14061
36071,42360.6857
36073,3931.800982
36075,12756.67134
36077,7985.461913
36079,63128.74649
36081,1940168.912
36083,19783.14383
36085,1301639.515
36087,151669.9769
36089,8169.639233
36091,32800.76722
36093,55107.12789
36095,5000.558962
36097,26782.59177
36099,8955.431307
36101,9824.95149
36103,206229.6154
36105,10828.82338
36107,7125.799274
36109,15110.33562
36111,19194.16459
36113,23838.40796
36115,11700.11198
36117,6667.412386
36119,336977.2854
36121,5845.222628
36123,11083.0886
37001,38883.64377
37003,28468.43321
37005,15534.49812
37007,9605.218845
37009,20751.80059
37011,38242.54518
37013,9708.009748
37015,5084.975592
37017,7413.938542
37019,34209.09209
37021,87082.84717
37023,36741.44551
37025,75334.94407
37027,38674.70833
37029,8371.096424
37031,33483.22727
37033,10857.90306
37035,61519.872
37037,23577.23449
37039,16191.43162
37041,13413.14662
37043,27109.77303
37045,29673.84414
37047,5772.649707
37049,22246.84633
37051,37196.89918
37053,24301.50206
37055,62276.06587
37057,35325.0688
37059,28995.26541
37061,5509.943925
37063,129212.2975
37065,18335.87932
37067,94795.23092
37069,17169.9885
37071,70732.37262
37073,3323.532214
37075,48062.64233
37077,12726.94887
37079,4817.821245
37081,103398.4617
37083,18641.65276
37085,22504.03752
37087,43812.88318
37089,61336.03285
37091,5479.863926
37093,10297.76109
37095,10283.34213
37097,70987.27793
37099,32062.31665
37101,23791.47629
37103,3410.588388
37105,27393.72272
37107,9655.946806
37109,50390.14843
37111,26770.47961
37113,40806.86228
37115,14372.9048
37117,4413.201366
37119,286724.5785
37121,23564.09143
37123,18615.99986
37125,26568.51421
37127,22426.5423
37129,121682.6226
37131,13489.18443
37133,21524.66125
37135,74427.769
37137,6255.132572
37139,18547.96383
37141,15609.09057
37143,12447.38344
37145,17089.44543
37147,26117.91981
37149,15841.16224
37151,19365.69732
37153,9594.295375
37155,9104.138533
37157,17630.10418
37159,32685.91766
37161,25484.61971
37163,5298.285687
37165,13243.50053
37167,23809.58209
37169,13718.49579
37171,17195.44867
37173,27326.25783
37175,38333.31751
37177,4889.113346
37179,59112.18425
37181,20519.13959
37183,186816.5769
37185,17123.57152
37187,10254.65387
37189,46995.2498
37191,14789.02459
37193,15120.95563
37195,32673.17552
37197,12956.87333
37199,22761.48508
38001,1040.310228
38003,1009.623419
38005,872.370231
38007,557.756544
38009,1071.844334
38011,980.401164
38013,654.181559
38015,349.937612
38017,6211.221723
38019,706.675588
38021,857.117688
38023,506.077498
38025,569.310064
38027,969.713681
38029,61.797336
38031,1005.266376
38033,753.231867
38035,4135.272886
38037,513.467958
38039,756.746575
38041,809.813411
38043,47.075111
38045,779.037385
38047,40.577639
38049,725.694059
38051,58.377987
38053,888.998195
38055,772.054363
38057,101.741577
38059,185.31645
38061,866.345687
38063,799.392201
38065,76.575284
38067,1356.376407
38069,749.247142
38071,1197.262119
38073,535.124968
38075,725.314315
38077,879.87353
38079,2835.780944
38081,295.348172
38083,418.867418
38085,35.574254
38087,452.535433
38089,3350.95174
38091,684.968329
38093,1153.301958
38095,612.763811
38097,897.898668
38099,1250.736667
38101,4042.509634
38103,874.281811
38105,189.772366
39001,8301.443018
39003,16011.48987
39005,18224.90778
39007,12923.63771
39009,6259.575432
39011,9800.904648
39013,9225.284656
39015,8861.525857
39017,43349.92695
39019,7514.127729
39021,7011.96518
39023,18884.05355
39025,27209.30422
39027,10442.47429
39029,16937.48288
39031,8899.214693
39033,9280.676619
39035,141990.1442
39037,7747.755807
39039,8609.345649
39041,95072.09735
39043,22191.1818
39045,39237.25803
39047,7856.460363
39049,111191.2223
39051,10418.31778
39053,4633.216444
39055,35702.93166
39057,41482.32749
39059,5109.000822
39061,89213.9886
39063,16445.30152
39065,5420.602392
39067,5175.8635
39069,7414.026863
39071,6974.113123
39073,5371.607047
39075,9680.681211
39077,20548.99738
39079,5087.926353
39081,9898.08986
39083,19155.99308
39085,67958.70647
39087,7843.367366
39089,33971.55597
39091,12181.12754
39093,64297.25114
39095,51941.102
39097,11230.24464
39099,42002.80476
39101,9684.405901
39103,55798.46416
39105,6746.723997
39107,8357.02369
39109,23905.56408
39111,5468.202634
39113,60518.27586
39115,5021.176041
39117,10750.0735
39119,13392.63253
39121,5374.137414
39123,25301.35949
39125,3942.334402
39127,15210.34152
39129,11863.31274
39131,5773.946218
39133,36249.57258
39135,9181.11587
39137,6306.43924
39139,24347.65646
39141,7962.898137
39143,9683.60247
39145,7778.766863
39147,7220.716637
39149,10441.46265
39151,62679.79275
39153,101091.009
39155,31592.36796
39157,8926.126062
39159,21007.4514
39161,6184.291147
39163,4454.297512
39165,46860.15176
39167,6805.962034
39169,22419.52549
39171,8326.191598
39173,19329.29129
39175,5247.854712
40001,3035.79257
40003,785.310151
40005,1713.01014
40007,837.875966
40009,1544.458723
40011,1157.819004
40013,2734.845113
40015,1319.826237
40017,7810.96696
40019,1759.604222
40021,3049.864957
40023,1983.212123
40025,734.943985
40027,14405.80891
40029,1286.476457
40031,3987.934382
40033,890.84489
40035,1311.732742
40037,3214.57129
40039,2165.541373
40041,5286.747059
40043,599.56933
40045,553.15497
40047,3152.100961
40049,1097.500944
40051,2087.60526
40053,766.138112
40055,925.216215
40057,602.744568
40059,586.900923
40061,4269.67714
40063,1083.525036
40065,2337.215496
40067,596.398018
40069,1757.403782
40071,3442.142458
40073,1534.909936
40075,956.997144
40077,1206.354094
40079,1458.09453
40081,1008.001709
40083,2518.007542
40085,640.813902
40087,2427.824464
40089,1241.996835
40091,1703.189461
40093,812.922734
40095,1651.482108
40097,3172.751699
40099,1031.708527
40101,6916.737681
40103,915.783192
40105,1735.004229
40107,4958.046385
40109,27512.50958
40111,3126.990392
40113,1916.020018
40115,2936.764114
40117,1175.481814
40119,3483.976346
40121,1301.545388
40123,1541.934717
40125,2428.215756
40127,1231.947806
40129,468.813261
40131,5454.524024
40133,8646.800025
40135,2684.200246
40137,2070.170351
40139,2290.952517
40141,964.808576
40143,36885.20717
40145,7364.705063
40147,6551.77008
40149,1508.664775
40151,709.866953
40153,1386.870135
41001,2967.809311
41003,50504.17883
41005,110562.1878
41007,39713.65338
41009,27599.28291
41011,13897.22069
41013,3797.753965
41015,18807.2189
41017,24869.34074
41019,18625.80627
41021,3983.376301
41023,45022.40337
41025,2517.884064
41027,19914.39884
41029,46429.02139
41031,14026.47433
41033,20294.81858
41035,11013.09197
41037,2690.939882
41039,91101.9078
41041,46480.81609
41043,32321.91975
41045,1350.202412
41047,79048.29376
41049,7258.811038
41051,439002.1226
41053,37189.65749
41055,5584.220118
41057,38253.12377
41059,17030.01804
41061,25926.93623
41063,39299.8303
41065,12358.81409
41067,212390.1297
41069,3237.433408
41071,44967.10828
42001,39251.65384
42003,75666.07395
42005,5717.53108
42007,30736.39889
42009,6296.605934
42011,43024.28744
42013,18010.02399
42015,9526.202731
42017,125592.6159
42019,39443.39184
42021,19383.3452
42023,13224.04505
42025,27930.50804
42027,32968.58773
42029,152425.101
42031,14006.80508
42033,13501.40438
42035,12983.11628
42037,19318.82936
42039,16580.8269
42041,99135.86299
42043,84399.24745
42045,348633.6142
42047,10492.92277
42049,35964.06056
42051,7313.285443
42053,9007.356846
42055,20752.56056
42057,5439.054264
42059,5237.982145
42061,6338.114651
42063,5034.743972
42065,11389.1746
42067,5851.72949
42069,55570.16357
42071,52679.7591
42073,21710.0048
42075,35941.48767
42077,90464.1494
42079,35709.30299
42081,20340.64984
42083,8194.420236
42085,17428.76237
42087,9596.595039
42089,39518.78855
42091,166746.1974
42093,13548.25103
42095,70179.97936
42097,13801.28253
42099,7992.648508
42101,882606.5545
42103,31973.76316
42105,13192.0545
42107,12023.11604
42109,11284.18489
42111,14418.68483
42113,9267.312886
42115,4651.776198
42117,10667.44753
42119,18029.15516
42121,11559.21386
42123,8487.799099
42125,19865.402
42127,18319.78227
42129,15915.30369
42131,13034.08343
42133,64975.62871
44001,242248.8153
44003,143114.8345
44005,140442.4145
44007,157287.5963
44009,97372.75759
45001,8325.17703
45003,25318.69346
45005,6252.971306
45007,28975.1191
45009,3848.133591
45011,3394.919494
45013,58465.028
45015,28585.56513
45017,4043.875408
45019,82957.5794
45021,12678.20313
45023,16115.52406
45025,6723.34956
45027,8848.483737
45029,9136.435714
45031,8913.939273
45033,5685.440427
45035,17868.51096
45037,7171.075866
45039,8486.796035
45041,14722.35406
45043,27909.53911
45045,94867.87081
45047,20110.8984
45049,2614.580137
45051,44694.68692
45053,4836.384346
45055,9407.441899
45057,32923.5752
45059,9574.725849
45061,7863.625413
45063,42297.52068
45065,15064.47235
45067,7418.205579
45069,5019.044772
45071,11790.03892
45073,32078.03894
45075,9304.009227
45077,48252.67682
45079,53050.68291
45081,8549.677278
45083,36874.11307
45085,11926.51755
45087,6118.717896
45089,2405.416661
45091,52616.7214
46003,610.401908
46005,1107.705614
46007,810.961008
46009,1188.597202
46011,3641.999135
46013,1891.60504
46015,77.140975
46017,44.289647
46019,484.944854
46021,52.801877
46023,74.760891
46025,769.186618
46027,2388.529467
46029,3203.55149
46031,334.059692
46033,1002.891274
46035,2252.600499
46037,997.372138
46039,1458.734988
46041,1011.750694
46043,990.750925
46045,665.677472
46047,692.689943
46049,530.767676
46051,872.884836
46053,57.036407
46055,411.3512
46057,1731.148337
46059,533.954869
46061,1141.850656
46063,461.681122
46065,182.73093
46067,1154.47605
46069,412.723839
46071,510.26007
46073,523.168633
46075,388.1258
46077,1071.443431
46079,2843.773171
46081,4609.026787
46083,6420.403595
46085,42.40922
46087,1227.572599
46089,456.611669
46091,968.643862
46093,833.360612
46095,358.15009
46097,713.988363
46099,9338.548029
46101,1846.111066
46102,1555.979672
46103,3368.097046
46105,507.279234
46107,62.437117
46109,930.15278
46111,602.516517
46115,735.950924
46117,683.030416
46119,45.242499
46121,813.701291
46123,49.214558
46125,1477.968458
46127,3422.39264
46129,128.581432
46135,2425.102503
46137,217.991382
47001,16498.82823
47003,5755.975506
47005,2798.327691
47007,2741.44801
47009,27138.07929
47011,15120.69493
47013,2001.314365
47015,2943.229633
47017,7049.276662
47019,20094.72984
47021,5391.973507
47023,4704.713901
47025,6918.745382
47027,3108.130694
47029,10311.37552
47031,6976.137438
47033,9278.149281
47035,6970.98212
47037,57894.37121
47039,2867.870039
47041,4585.070946
47043,4522.160701
47045,17907.48893
47047,12736.56925
47049,2116.57277
47051,6910.165983
47053,13942.47501
47055,2880.448658
47057,9456.458165
47059,14837.63974
47061,3965.631869
47063,27764.43781
47065,38245.62267
47067,5134.481668
47069,4339.049096
47071,3844.455848
47073,9241.966515
47075,5779.740624
47077,6086.703403
47079,3440.179919
47081,1651.315831
47083,3040.893703
47085,2139.245462
47087,3102.683866
47089,17414.78091
47091,19041.60487
47093,52303.0594
47095,4528.453527
47097,9057.557738
47099,4138.748136
47101,2170.439358
47103,3111.561767
47105,28039.85868
47107,8070.467038
47109,4483.746276
47111,2987.492462
47113,16262.44251
47115,3319.602964
47117,5251.489533
47119,9859.564789
47121,7736.803371
47123,13651.65422
47125,16535.12108
47127,3802.29911
47129,1493.862247
47131,13765.92314
47133,2832.807941
47135,2128.825597
47137,3362.571159
47139,6450.894075
47141,8172.362212
47143,9969.831837
47145,10834.71503
47147,7641.565514
47149,23585.23773
47151,2856.418081
47153,2545.947355
47155,22904.23471
47157,135535.6787
47159,2900.288622
47161,3522.465477
47163,29812.96919
47165,17445.95269
47167,23417.02082
47169,4898.87047
47171,18798.24431
47173,7450.603474
47175,2765.177407
47177,3849.799926
47179,41480.00407
47181,1435.585609
47183,7486.19356
47185,4341.993542
47187,42189.06789
47189,14028.45424
48001,2018.366339
48003,1595.356185
48005,3574.3775
48007,1872.417646
48009,1169.6722
48011,924.549235
48013,1546.364757
48015,2167.802003
48017,3834.865299
48019,5495.318431
48021,2901.561611
48023,693.343304
48025,1154.534854
48027,46913.89942
48029,34555.74929
48031,3195.936327
48033,561.637429
48035,4587.187974
48037,4104.493377
48039,3755.858472
48041,9790.999252
48043,766.565779
48045,857.321813
48047,158.233171
48049,1889.581831
48051,1050.353135
48053,18390.58214
48055,2848.206849
48057,656.512413
48059,838.216886
48061,3244.911879
48063,2750.617034
48065,2944.540491
48067,1534.241598
48069,2982.94021
48071,6348.070061
48073,3088.495927
48075,1052.260826
48077,621.599756
48079,1856.856418
48081,706.915426
48083,914.579801
48085,275244.9025
48087,637.455809
48089,1123.262376
48091,23391.91405
48093,3875.011464
48095,575.599211
48097,12171.18648
48099,12693.64469
48101,486.498127
48103,28421.80481
48105,382.991793
48107,1979.604382
48109,246.308721
48111,2009.546983
48113,403030.6842
48115,3627.465447
48117,3441.111698
48119,2275.820976
48121,164201.2147
48123,640.764328
48125,1016.553373
48127,1263.070498
48129,1027.805415
48131,134.336446
48133,1183.48633
48135,10847.15168
48137,990.949058
48139,6764.236884
48141,35989.97519
48143,10339.38103
48145,1994.96189
48147,2638.553655
48149,1345.916985
48151,931.213953
48153,2659.65588
48155,399.61577
48157,8575.721245
48159,5007.610857
48161,1716.181078
48163,1973.517161
48165,1964.748564
48167,6053.277099
48169,1041.552041
48171,9516.109535
48173,839.177466
48175,701.008455
48177,791.580331
48179,4039.862448
48181,4609.842175
48183,11220.0298
48185,1837.615059
48187,9730.61654
48189,7372.663251
48191,732.511602
48193,6245.814993
48195,2034.346063
48197,973.562706
48199,3244.246053
48201,106890.2114
48203,2836.823948
48205,1560.028227
48207,905.807779
48209,26872.49362
48211,1032.293337
48213,7269.346183
48215,3870.847608
48217,9938.154819
48219,3758.536322
48221,30737.971
48223,1974.169833
48225,1447.362048
48227,2864.696978
48229,415.026307
48231,3687.652206
48233,2846.377399
48235,1329.116682
48237,756.378918
48239,1296.697148
48241,2297.976483
48243,18270.37931
48245,17894.09297
48247,111.706492
48249,350.766507
48251,32646.32822
48253,2215.429929
48255,1449.522846
48257,5457.934788
48259,15634.71313
48261,23.652039
48263,288.72992
48265,9595.449282
48267,1788.636482
48269,155.517056
48271,1333.036853
48273,368.666391
48275,791.246775
48277,3316.415753
48279,4821.538214
48281,6895.815445
48283,844.065907
48285,975.631587
48287,1041.568357
48289,948.450844
48291,3438.568403
48293,1545.527512
48295,1030.478894
48297,590.599273
48299,10087.6254
48301,6282.381618
48303,27030.70731
48305,2551.015909
48307,578.21542
48309,33374.56245
48311,411.864025
48313,1809.534237
48315,2114.438919
48317,914.768142
48319,1853.357963
48321,973.152397
48323,10532.32531
48325,1663.392652
48327,1407.165988
48329,11711.22719
48331,2253.575108
48333,4440.380676
48335,1329.368203
48337,1065.242717
48339,21262.34771
48341,3655.055093
48343,5616.673981
48345,459.528953
48347,2590.87244
48349,2539.579025
48351,1644.09174
48353,1570.371307
48355,4003.787331
48357,2687.145419
48359,908.461096
48361,8945.757623
48363,11595.76091
48365,1728.306113
48367,21916.12874
48369,4314.085284
48371,656.994992
48373,3616.54194
48375,6564.774068
48377,1844.782688
48379,1968.296043
48381,17343.55383
48383,838.821323
48385,2912.111011
48387,2334.70156
48389,712.206383
48391,214.445262
48393,691.02832
48395,1334.273266
48397,103209.7765
48399,1396.896792
48401,2340.486855
48403,3979.169046
48405,2519.816616
48407,3864.910166
48409,1770.834648
48411,3131.74415
48413,1687.006931
48415,1265.019439
48417,532.856702
48419,1465.19725
48421,1738.706036
48423,10089.46303
48425,8692.533604
48427,807.485782
48429,544.592994
48431,502.832317
48433,349.260516
48435,2218.126233
48437,2708.042402
48439,261444.3354
48441,5769.638521
48443,196.550714
48445,3738.209489
48447,366.665349
48449,3034.646106
48451,4166.272058
48453,67653.30257
48455,2051.552629
48457,2159.449657
48459,2426.765337
48461,491.374444
48463,3691.408551
48465,1406.220773
48467,3014.839197
48469,3477.433717
48471,3604.806844
48473,4861.210544
48475,1062.438703
48477,2474.914575
48479,13338.84104
48481,493.651616
48483,1180.47822
48485,8202.526705
48487,1493.424418
48489,865.092187
48491,26861.86553
48493,2134.96418
48495,1212.666167
48497,14843.87025
48499,3360.81183
48501,2334.371477
48503,1174.735129
48505,1890.854666
48507,3384.08601
49001,3644.791215
49003,3227.060411
49005,20491.01452
49007,4739.208988
49009,2239.934282
49011,100728.5071
49013,4294.614891
49015,2721.884785
49017,4035.792425
49019,4727.365283
49021,11082.89827
49023,3553.074299
49025,2307.90043
49027,1929.893657
49029,5652.291159
49031,4907.030287
49033,1577.192603
49035,219343.0976
49037,1928.591032
49039,10889.49179
49041,9508.804157
49043,29139.29214
49045,6087.815772
49047,4322.223096
49049,89441.82104
49051,21264.47559
49053,44961.2407
49055,3002.494312
49057,51682.22666
50001,13165.3335
50003,14178.36036
50005,7870.603411
50007,38191.01804
50009,4385.84984
50011,8889.397732
50013,4907.215134
50015,11753.41833
50017,6069.068643
50019,8490.531592
50021,13470.11353
50023,15678.24406
50025,9637.455105
50027,11597.19567
51001,9194.116621
51003,44990.24535
51005,6493.523164
51007,4291.567815
51009,12201.42603
51011,7499.945444
51013,1889318.022
51015,15013.2374
51017,6278.826018
51019,24260.46582
51021,11637.40893
51023,9736.795269
51025,7678.9819
51027,9873.724112
51029,10127.45516
51031,13861.31815
51033,10100.77929
51035,14959.44738
51036,9454.146371
51037,10073.06733
51041,94482.74875
51043,12660.12698
51045,10778.80909
51047,20741.1076
51049,11889.30729
51051,5474.831602
51053,6746.567501
51057,8006.206823
51059,705330.9521
51061,30371.88877
51063,13157.08577
51065,13677.0286
51067,25099.6112
51069,21413.98887
51071,9597.695622
51073,13857.37102
51075,18768.7585
51077,29736.03535
51079,26124.60169
51081,8984.331591
51083,6406.910176
51085,39013.51069
51087,162878.0706
51089,16015.93144
51091,5453.979743
51093,13404.39402
51095,62240.58256
51097,7240.756756
51099,17935.12359
51101,6904.76833
51103,19237.01518
51105,10717.89128
51107,270785.3733
51109,11824.48636
51111,8653.466655
51113,22107.34022
51115,13350.80015
51117,13745.54554
51119,13029.26713
51121,26442.41733
51125,11076.61236
51127,11627.2516
51131,9727.955109
51133,13839.71826
51135,3629.276262
51137,23670.20886
51139,11852.58659
51141,6419.902124
51143,8884.522671
51145,14672.70221
51147,9351.133174
51149,11881.24404
51153,216428.0128
51155,16362.97795
51157,20163.58329
51159,9801.399262
51161,70473.61101
51163,7216.65492
51165,16035.26923
51167,7749.561581
51169,10731.18841
51171,11212.73575
51173,13636.39756
51175,2944.480871
51177,37099.82057
51179,83844.29768
51181,7899.192431
51183,8120.072779
51185,10814.46832
51187,24949.46683
51191,15066.0425
51193,13833.81184
51195,19304.26516
51197,13651.72215
51199,73562.17034
51510,2196794.002
51520,75438.79051
51530,44351.72039
51540,448999.5716
51550,85076.56988
51570,132466.2881
51580,103966.6647
51590,83703.58259
51595,80838.5648
51600,784249.3528
51610,2033499.644
51620,89745.64596
51630,260253.3385
51640,175377.3182
51650,184866.3105
51660,146075.7304
51670,113461.8954
51678,184305.1637
51680,148238.3244
51683,445267.5801
51685,570957.5378
51690,136567.5855
51700,203060.1486
51710,283832.2417
51720,41524.63273
51730,68108.52841
51735,160002.0668
51740,149824.8866
51750,88130.3886
51760,314493.1185
51770,91913.41078
51775,91849.7526
51790,86959.69729
51800,24994.66796
51810,164990.562
51820,91336.86091
51830,266217.1538
51840,168148.0142
53001,7518.608968
53003,17706.37553
53005,26976.92903
53007,45544.2024
53009,90756.64289
53011,141392.8624
53013,11044.39462
53015,30140.25313
53017,18662.57628
53019,14378.09419
53021,14230.43815
53023,6811.971299
53025,13373.15024
53027,38166.58271
53029,124223.482
53031,119451.5828
53033,1104520.659
53035,131703.4609
53037,24110.20238
53039,16202.03354
53041,21880.94401
53043,6885.225295
53045,67534.78796
53047,14017.02946
53049,17866.70909
53051,24772.79899
53053,252352.7736
53055,230461.3217
53057,184035.5142
53059,20181.57744
53061,478313.3721
53063,94019.8913
53065,16873.59214
53067,113497.9842
53069,22349.68178
53071,22756.6891
53073,267489.168
53075,14834.24949
53077,31697.11305
54001,7477.316206
54003,22210.13449
54005,2608.282
54007,2403.572357
54009,13215.53801
54011,10415.80073
54013,3663.31424
54015,2144.622958
54017,2219.318256
54019,3519.58141
54021,2235.827773
54023,6293.020802
54025,8485.199718
54027,4344.199714
54029,17877.02199
54031,5676.429891
54033,10175.85235
54035,3824.693718
54037,18189.49921
54039,6433.530712
54041,1896.704512
54043,2225.864443
54045,3423.062972
54047,2796.296677
54049,5919.35072
54051,6824.37807
54053,5768.533452
54055,12789.02264
54057,7514.475407
54059,3342.732892
54061,10435.04831
54063,5713.965348
54065,6244.536217
54067,2488.287168
54069,18498.58295
54071,4039.741232
54073,4590.244507
54075,7413.761721
54077,5308.111696
54079,11146.32947
54081,6378.990435
54083,9093.254513
54085,2211.945021
54087,4611.24971
54089,2998.326023
54091,3437.094729
54093,7591.333692
54095,4290.339297
54097,3161.935826
54099,2633.535222
54101,2237.186133
54103,4636.356137
54105,3201.160179
54107,10781.17129
54109,3162.298376
55001,11880.72638
55003,9824.813064
55005,24636.13436
55007,17355.88023
55009,67904.24287
55011,4125.065724
55013,16989.62733
55015,13230.98878
55017,24521.53692
55019,5654.61959
55021,18449.05345
55023,5580.445505
55025,74648.0518
55027,10984.50728
55029,32118.88097
55031,19003.3639
55033,8485.102192
55035,18819.53505
55037,13118.28968
55039,13244.58468
55041,14973.30217
55043,7245.750709
55045,10799.28468
55047,26321.08606
55049,7552.870608
55051,14372.92926
55053,5933.671072
55055,16908.84792
55057,6481.975988
55059,43490.62416
55061,14020.95148
55063,24126.29308
55065,5124.960413
55067,15648.48527
55069,17959.79122
55071,10981.03388
55073,23467.42126
55075,10631.51008
55077,12244.90072
55078,10796.34401
55079,131703.9546
55081,5740.334839
55083,17880.72927
55085,22337.78379
55087,48464.63889
55089,40111.49616
55091,5634.770926
55093,12741.61947
55095,24678.04429
55097,22090.65075
55099,7337.40008
55101,36986.3141
55103,4236.693714
55105,17443.53663
55107,11077.67166
55109,21525.94209
55111,15748.53602
55113,17071.65033
55115,13318.71374
55117,17418.52552
55119,16747.21741
55121,5266.18938
55123,5280.536942
55125,28057.71343
55127,29218.33089
55129,15775.45333
55131,30854.90013
55133,68305.87221
55135,19647.92131
55137,15691.88402
55139,47240.67983
55141,19547.55203
56001,6050.678532
56003,2291.433905
56005,4491.644125
56007,2244.030161
56009,1300.507312
56011,695.148496
56013,3109.279902
56015,2649.539268
56017,1990.898765
56019,1691.970867
56021,12475.38069
56023,2818.628945
56025,6203.274726
56027,883.321981
56029,4468.164627
56031,2017.922829
56033,3640.845669
56035,2700.330623
56037,5293.463191
56039,35360.82008
56041,3900.682666
56043,2110.270561
56045,620.464636